player_id,player_name,team
2577417,Dak Prescott,Dallas Cowboys
4361579,Javonte Williams,Dallas Cowboys
4045163,Miles Sanders,Dallas Cowboys
3676833,KaVontae Turpin,Dallas Cowboys
4241389,CeeDee Lamb,Dallas Cowboys
4426354,George Pickens,Dallas Cowboys
4242355,Jake Ferguson,Dallas Cowboys
4249417,Jalen Tolbert,Dallas Cowboys
4360967,Brevyn Spann-Ford,Dallas Cowboys
4372096,Luke Schoonmaker,Dallas Cowboys
3121415,Malik Hooker,Dallas Cowboys
4241394,Kenneth Murray Jr.,Dallas Cowboys
4567399,Kaiir Elam,Dallas Cowboys
4362636,Damone Clark,Dallas Cowboys
4372576,Jack Sanborn,Dallas Cowboys
3117258,Solomon Thomas,Dallas Cowboys
4567242,Sam Williams,Dallas Cowboys
3122752,Kenny Clark,Dallas Cowboys
4427816,Marist Liufau,Dallas Cowboys
4429996,Marshawn Kneeland,Dallas Cowboys
4248911,DaRon Bland,Dallas Cowboys
4035840,Osa Odighizuwa,Dallas Cowboys
4240608,James Houston,Dallas Cowboys
4040966,Trevon Diggs,Dallas Cowboys
4683848,Donovan Ezeiruaku,Dallas Cowboys
3122135,Donovan Wilson,Dallas Cowboys
4431603,Jay Toia,Dallas Cowboys
2980100,Dante Fowler Jr.,Dallas Cowboys
3953687,Brandon Aubrey,Dallas Cowboys
14950,Bryan Anger,Dallas Cowboys
4040715,Jalen Hurts,Philadelphia Eagles
3929630,Saquon Barkley,Philadelphia Eagles
4431545,Will Shipley,Philadelphia Eagles
4239934,AJ Dillon,Philadelphia Eagles
4361409,Jahan Dotson,Philadelphia Eagles
3121023,Dallas Goedert,Philadelphia Eagles
4241478,DeVonta Smith,Philadelphia Eagles
4047646,A.J. Brown,Philadelphia Eagles
4039160,Kylen Granson,Philadelphia Eagles
4686273,Quinyon Mitchell,Philadelphia Eagles
3917657,Zack Baun,Philadelphia Eagles
3120347,Adoree' Jackson,Philadelphia Eagles
4381558,Jordan Davis,Philadelphia Eagles
4682618,Cooper DeJean,Philadelphia Eagles
4602197,Andrew Mukuba,Philadelphia Eagles
4426331,Nolan Smith Jr.,Philadelphia Eagles
4243956,Reed Blankenship,Philadelphia Eagles
4686911,Jakorian Bennett,Philadelphia Eagles
4571162,Jalyx Hunt,Philadelphia Eagles
4685287,Jihaad Campbell,Philadelphia Eagles
4360386,Sydney Brown,Philadelphia Eagles
4432777,Jeremiah Trotter Jr.,Philadelphia Eagles
4567096,John Metchie III,Philadelphia Eagles
4046528,Joshua Uche,Philadelphia Eagles
4362116,Moro Ojomo,Philadelphia Eagles
4567123,Byron Young,Philadelphia Eagles
3050478,Jake Elliott,Philadelphia Eagles
4035239,Braden Mann,Philadelphia Eagles
3139477,Patrick Mahomes,Kansas City Chiefs
4361529,Isiah Pacheco,Kansas City Chiefs
3059915,Kareem Hunt,Kansas City Chiefs
4683062,Xavier Worthy,Kansas City Chiefs
4241372,Hollywood Brown,Kansas City Chiefs
3120348,JuJu Smith-Schuster,Kansas City Chiefs
15847,Travis Kelce,Kansas City Chiefs
4362921,Tyquan Thornton,Kansas City Chiefs
4240472,Noah Gray,Kansas City Chiefs
4689988,Jason Brownlee,Kansas City Chiefs
4241385,Creed Humphrey,Kansas City Chiefs
4361964,Chamarri Conner,Kansas City Chiefs
4362759,Nick Bolton,Kansas City Chiefs
4697639,Jaylen Watson,Kansas City Chiefs
3129310,Drue Tranquill,Kansas City Chiefs
4426405,Trent McDuffie,Kansas City Chiefs
4685232,Jaden Hicks,Kansas City Chiefs
4426659,George Karlaftis,Kansas City Chiefs
4247726,Bryan Cook,Kansas City Chiefs
3929865,Charles Omenihu,Kansas City Chiefs
3915487,Mike Danna,Kansas City Chiefs
4426901,Leo Chenal,Kansas City Chiefs
4610705,Nohl Williams,Kansas City Chiefs
3044859,Chris Jones,Kansas City Chiefs
3122930,Derrick Nnadi,Kansas City Chiefs
3863182,Jerry Tillery,Kansas City Chiefs
4035433,Kristian Fulton,Kansas City Chiefs
4684432,Ashton Gillotte,Kansas City Chiefs
4249766,Jack Cochrane,Kansas City Chiefs
4567826,Cooper McDonald,Kansas City Chiefs
4596602,Brashard Smith,Kansas City Chiefs
4372716,Nikko Remigio,Kansas City Chiefs
3055899,Harrison Butker,Kansas City Chiefs
4361496,Matt Araiza,Kansas City Chiefs
4038941,Justin Herbert,Los Angeles Chargers
4685382,Omarion Hampton,Los Angeles Chargers
4241457,Najee Harris,Los Angeles Chargers
4362477,Derius Davis,Los Angeles Chargers
3915486,Tyler Conklin,Los Angeles Chargers
4429025,Quentin Johnston,Los Angeles Chargers
4612826,Ladd McConkey,Los Angeles Chargers
15818,Keenan Allen,Los Angeles Chargers
3127292,Will Dissly,Los Angeles Chargers
4686612,Tre' Harris,Los Angeles Chargers
4430870,KeAndre Lambert-Smith,Los Angeles Chargers
4039413,Alohi Gilman,Los Angeles Chargers
4241597,Daiyan Henley,Los Angeles Chargers
3691739,Derwin James Jr.,Los Angeles Chargers
4038946,Troy Dye,Los Angeles Chargers
4243328,Elijah Molden,Los Angeles Chargers
4427404,Cam Hart,Los Angeles Chargers
4911489,Caleb Murphy,Los Angeles Chargers
3843769,Donte Jackson,Los Angeles Chargers
4432571,Tarheeb Still,Los Angeles Chargers
4240528,Del'Shawn Phillips,Los Angeles Chargers
3126352,Da'Shawn Hand,Los Angeles Chargers
4240434,Ja'Sir Taylor,Los Angeles Chargers
4258206,Benjamin St-Juste,Los Angeles Chargers
16710,Khalil Mack,Los Angeles Chargers
4374269,Teair Tart,Los Angeles Chargers
4360745,Kendall Williamson,Los Angeles Chargers
4431442,Tuli Tuipulotu,Los Angeles Chargers
2576702,Bud Dupree,Los Angeles Chargers
4372071,Hassan Haskins,Los Angeles Chargers
4362081,Cameron Dicker,Los Angeles Chargers
3126368,JK Scott,Los Angeles Chargers
3052587,Baker Mayfield,Tampa Bay Buccaneers
4596448,Bucky Irving,Tampa Bay Buccaneers
4697815,Rachaad White,Tampa Bay Buccaneers
4567750,Emeka Egbuka,Tampa Bay Buccaneers
4430871,Sean Tucker,Tampa Bay Buccaneers
16737,Mike Evans,Tampa Bay Buccaneers
2976592,Sterling Shepard,Tampa Bay Buccaneers
4243331,Cade Otton,Tampa Bay Buccaneers
4369466,Ryan Miller,Tampa Bay Buccaneers
4608810,Tez Johnson,Tampa Bay Buccaneers
4428522,Tykee Smith,Tampa Bay Buccaneers
4250392,Zyon McCollum,Tampa Bay Buccaneers
4429511,SirVocea Dennis,Tampa Bay Buccaneers
14985,Lavonte David,Tampa Bay Buccaneers
3873935,Jamel Dean,Tampa Bay Buccaneers
4912847,Jacob Parrish,Tampa Bay Buccaneers
4034790,Antoine Winfield Jr.,Tampa Bay Buccaneers
4686334,Yaya Diaby,Tampa Bay Buccaneers
2980504,Haason Reddick,Tampa Bay Buccaneers
3894856,Anthony Nelson,Tampa Bay Buccaneers
3134362,Vita Vea,Tampa Bay Buccaneers
4428917,Rashad Wisdom,Tampa Bay Buccaneers
4569563,John Bullock,Tampa Bay Buccaneers
4034779,Ko Kieft,Tampa Bay Buccaneers
4360189,Logan Hall,Tampa Bay Buccaneers
2976545,Deion Jones,Tampa Bay Buccaneers
3127294,Greg Gaines,Tampa Bay Buccaneers
4372505,Payne Durham,Tampa Bay Buccaneers
5097554,Kameron Johnson,Tampa Bay Buccaneers
3150744,Chase McLaughlin,Tampa Bay Buccaneers
2577619,Riley Dixon,Tampa Bay Buccaneers
4360423,Michael Penix Jr.,Atlanta Falcons
4373626,Tyler Allgeier,Atlanta Falcons
4430807,Bijan Robinson,Atlanta Falcons
4360248,Kyle Pitts Sr.,Atlanta Falcons
4426502,Drake London,Atlanta Falcons
3728262,Ray-Ray McCloud III,Atlanta Falcons
4428796,Casey Washington,Atlanta Falcons
3047876,KhaDarel Hodge,Atlanta Falcons
3919512,Jessie Bates III,Atlanta Falcons
4239995,A.J. Terrell Jr.,Atlanta Falcons
4431005,Xavier Watts,Atlanta Falcons
4431194,Billy Bowman Jr.,Atlanta Falcons
4037626,Divine Deablo,Atlanta Falcons
3124890,Kaden Elliss,Atlanta Falcons
4257591,Arnold Ebiketie,Atlanta Falcons
4685597,Jalon Walker,Atlanta Falcons
3895841,Mike Hughes,Atlanta Falcons
4426412,Zach Harrison,Atlanta Falcons
4430271,Ruke Orhorhoro,Atlanta Falcons
2977680,Bradley Pinion,Atlanta Falcons
3049899,Younghoe Koo,Atlanta Falcons
4034948,Feleipe Franks,Atlanta Falcons
5081394,James Pearce Jr.,Atlanta Falcons
4689989,Natrone Brooks,Atlanta Falcons
3061612,Jamal Agnew,Atlanta Falcons
3915511,Joe Burrow,Cincinnati Bengals
4362238,Chase Brown,Cincinnati Bengals
4239993,Tee Higgins,Cincinnati Bengals
4036131,Noah Fant,Cincinnati Bengals
4362628,Ja'Marr Chase,Cincinnati Bengals
3116164,Mike Gesicki,Cincinnati Bengals
3116389,Samaje Perine,Cincinnati Bengals
3127310,Drew Sample,Cincinnati Bengals
4567098,Jordan Battle,Cincinnati Bengals
4427729,Demetrius Knight Jr.,Cincinnati Bengals
4426422,Dax Hill,Cincinnati Bengals
3918330,Logan Wilson,Cincinnati Bengals
3116748,B.J. Hill,Cincinnati Bengals
4240575,Geno Stone,Cincinnati Bengals
4431519,Barrett Carter,Cincinnati Bengals
4257240,Tycen Anderson,Cincinnati Bengals
17230,Mike Pennel,Cincinnati Bengals
3052743,Trey Hendrickson,Cincinnati Bengals
4365319,Josh Newton,Cincinnati Bengals
4240612,T.J. Slaton Jr.,Cincinnati Bengals
4432301,Kris Jenkins Jr.,Cincinnati Bengals
3051746,Oren Burks,Cincinnati Bengals
4428985,Myles Murphy,Cincinnati Bengals
4572036,DJ Turner II,Cincinnati Bengals
4362094,Joseph Ossai,Cincinnati Bengals
4429299,Tahj Brooks,Cincinnati Bengals
4360413,Shaka Heyward,Cincinnati Bengals
4361196,Cam Taylor-Britt,Cincinnati Bengals
4572051,William Wagner,Cincinnati Bengals
4257188,Charlie Jones,Cincinnati Bengals
4360234,Evan McPherson,Cincinnati Bengals
4608820,Ryan Rehkow,Cincinnati Bengals
11252,Joe Flacco,Cleveland Browns
5081397,Dylan Sampson,Cleveland Browns
4372019,Jerome Ford,Cleveland Browns
4601080,Raheim Sanders,Cleveland Browns
5083076,Harold Fannin Jr.,Cleveland Browns
4241463,Jerry Jeudy,Cleveland Browns
4369863,Cedric Tillman,Cleveland Browns
3123076,David Njoku,Cleveland Browns
4428678,Jamari Thrash,Cleveland Browns
4808839,Isaiah Bond,Cleveland Browns
4876017,Carson Schwesinger,Cleveland Browns
4036261,Devin Bush,Cleveland Browns
4427963,Isaiah McGuire,Cleveland Browns
3122132,Myles Garrett,Cleveland Browns
4569620,Ronnie Hickman,Cleveland Browns
4242208,Grant Delpit,Cleveland Browns
4361266,Greg Newsome II,Cleveland Browns
4695783,Myles Harden,Cleveland Browns
4567403,Mohamoud Diabate,Cleveland Browns
4873232,Mason Graham,Cleveland Browns
3915535,Denzel Ward,Cleveland Browns
4605792,Adin Huntington,Cleveland Browns
4686027,Donovan McMillon,Cleveland Browns
16837,Shelby Harris,Cleveland Browns
3915507,Jerome Baker,Cleveland Browns
4570119,Alex Wright,Cleveland Browns
2580216,DeAndre Carter,Cleveland Browns
4258620,Andre Szmyt,Cleveland Browns
4039396,Corey Bojorquez,Cleveland Browns
4241479,Tua Tagovailoa,Miami Dolphins
4361259,Zach Wilson,Miami Dolphins
4429160,De'Von Achane,Miami Dolphins
4569603,Malik Washington,Miami Dolphins
4711533,Ollie Gordon II,Miami Dolphins
3116406,Tyreek Hill,Miami Dolphins
4372016,Jaylen Waddle,Miami Dolphins
4047422,Tanner Conner,Miami Dolphins
4043016,Dee Eskridge,Miami Dolphins
3929785,Nick Westbrook-Ikhine,Miami Dolphins
3917668,Alec Ingold,Miami Dolphins
4043130,Jordyn Brooks,Miami Dolphins
4035232,Tyrel Dodson,Miami Dolphins
3925345,Minkah Fitzpatrick,Miami Dolphins
4035686,Jack Jones,Miami Dolphins
4240401,Ifeatu Melifonwu,Miami Dolphins
4837188,Jordan Phillips,Miami Dolphins
4894654,Kenneth Grant,Miami Dolphins
3057956,Zach Sieler,Miami Dolphins
4431664,Dante Trader Jr.,Miami Dolphins
4242457,Matthew Butler,Miami Dolphins
3961466,Matthew Judon,Miami Dolphins
4242975,Jaelan Phillips,Miami Dolphins
4427103,Storm Duck,Miami Dolphins
4432730,Jason Marshall Jr.,Miami Dolphins
3116733,Bradley Chubb,Miami Dolphins
3858271,Ashtyn Davis,Miami Dolphins
3943270,Rasul Douglas,Miami Dolphins
4431586,Chop Robinson,Miami Dolphins
4819257,Jonah Savaiinaea,Miami Dolphins
3931395,Jake Bailey,Miami Dolphins
3917792,Daniel Jones,Indianapolis Colts
4242335,Jonathan Taylor,Indianapolis Colts
4874509,DJ Giddens,Indianapolis Colts
4061956,Ashton Dulin,Indianapolis Colts
4431459,Tyler Warren,Indianapolis Colts
4426689,Ulysses Bentley IV,Indianapolis Colts
4035687,Michael Pittman Jr.,Indianapolis Colts
4360078,Alec Pierce,Indianapolis Colts
4597500,Adonai Mitchell,Indianapolis Colts
2998565,Mo Alie-Cox,Indianapolis Colts
4688813,Josh Downs,Indianapolis Colts
2978935,Xavien Howard,Indianapolis Colts
4426403,Nick Cross,Indianapolis Colts
4037361,Charvarius Ward,Indianapolis Colts
4036507,Joe Bachie,Indianapolis Colts
4218312,Kenny Moore II,Indianapolis Colts
3124005,Zaire Franklin,Indianapolis Colts
4248455,Rodney Thomas II,Indianapolis Colts
4360677,Mekhi Blackmon,Indianapolis Colts
4035861,Cam Bynum,Indianapolis Colts
2971282,DeForest Buckner,Indianapolis Colts
4374171,Austin Ajiake,Indianapolis Colts
4058825,Grover Stewart,Indianapolis Colts
3045527,Samson Ebukam,Indianapolis Colts
4050971,Eric Johnson II,Indianapolis Colts
4258194,Kwity Paye,Indianapolis Colts
4260703,Segun Olubi,Indianapolis Colts
4372085,Cameron McGrone,Indianapolis Colts
4426473,Laiatu Latu,Indianapolis Colts
4722908,Drew Ogletree,Indianapolis Colts
3040513,Tyquan Lewis,Indianapolis Colts
4427635,Adetomiwa Adebawore,Indianapolis Colts
3892883,Neville Gallimore,Indianapolis Colts
4571557,Spencer Shrader,Indianapolis Colts
15864,Geno Smith,Las Vegas Raiders
4890973,Ashton Jeanty,Las Vegas Raiders
4361777,Zamir White,Las Vegas Raiders
4432665,Brock Bowers,Las Vegas Raiders
3916433,Jakobi Meyers,Las Vegas Raiders
4428718,Tre Tucker,Las Vegas Raiders
4432775,Dont'e Thornton Jr.,Las Vegas Raiders
4429086,Michael Mayer,Las Vegas Raiders
4603186,Jack Bech,Las Vegas Raiders
3919510,Alex Bachman,Las Vegas Raiders
4035434,Devin White,Las Vegas Raiders
4427695,Kyu Blu Kelly,Las Vegas Raiders
3116724,Germaine Pratt,Las Vegas Raiders
4259632,Isaiah Pola-Mao,Las Vegas Raiders
4259561,Eric Stokes,Las Vegas Raiders
4043169,Jeremy Chinn,Las Vegas Raiders
3115373,Jamal Adams,Las Vegas Raiders
4372533,Tyree Wilson,Las Vegas Raiders
4239719,Malcolm Koonce,Las Vegas Raiders
4360749,Thomas Booker IV,Las Vegas Raiders
2972342,Adam Butler,Las Vegas Raiders
3916655,Maxx Crosby,Las Vegas Raiders
4373956,Jonah Laulu,Las Vegas Raiders
4240849,Charles Snowden,Las Vegas Raiders
4242973,Darnay Holmes,Las Vegas Raiders
4429560,Tommy Eichenberg,Las Vegas Raiders
4361426,Justin Shorter,Las Vegas Raiders
2987743,Elandon Roberts,Las Vegas Raiders
4605498,Decamerion Richardson,Las Vegas Raiders
3925443,Jacob Bobenmoyer,Las Vegas Raiders
4366963,Dylan Laube,Las Vegas Raiders
3051909,Daniel Carlson,Las Vegas Raiders
3686689,AJ Cole,Las Vegas Raiders
4431452,Drake Maye,New England Patriots
4432710,TreVeyon Henderson,New England Patriots
4569173,Rhamondre Stevenson,New England Patriots
4427095,DeMario Douglas,New England Patriots
4360294,Antonio Gibson,New England Patriots
4429022,Kayshon Boutte,New England Patriots
3046439,Hunter Henry,New England Patriots
2976212,Stefon Diggs,New England Patriots
4613202,Kyle Williams,New England Patriots
3043275,Austin Hooper,New England Patriots
2991662,Mack Hollins,New England Patriots
4685298,Will Campbell,New England Patriots
4245273,Christian Elliss,New England Patriots
4428930,Craig Woodson,New England Patriots
3858276,Jaylinn Hawkins,New England Patriots
3122793,Harold Landry III,New England Patriots
4426599,Alex Austin,New England Patriots
4372030,Christian Barmore,New England Patriots
4241720,Marcus Jones,New England Patriots
3916923,Carlton Davis III,New England Patriots
3129446,Robert Spillane,New England Patriots
4256074,Khyiris Tonga,New England Patriots
4239699,Milton Williams,New England Patriots
4243493,Keion White,New England Patriots
4249342,Mark Robinson,New England Patriots
4249739,Jack Gibbens,New England Patriots
4428232,Dell Pettus,New England Patriots
4242205,K'Lavon Chaisson,New England Patriots
4401811,Kyle Dugger,New England Patriots
4248899,Marte Mapu,New England Patriots
4429891,DJ James,New England Patriots
4240042,Cory Durden,New England Patriots
4411769,Corey Ballentine,New England Patriots
4611993,Joshua Farmer,New England Patriots
4569923,Andy Borregales,New England Patriots
4240545,Bryce Baringer,New England Patriots
3917315,Kyler Murray,Arizona Cardinals
4429275,Trey Benson,Arizona Cardinals
3045147,James Conner,Arizona Cardinals
4432708,Marvin Harrison Jr.,Arizona Cardinals
4361307,Trey McBride,Arizona Cardinals
4696700,Tip Reiman,Arizona Cardinals
4360761,Michael Wilson,Arizona Cardinals
3059722,Zay Jones,Arizona Cardinals
4426844,Elijah Higgins,Arizona Cardinals
4037235,Greg Dortch,Arizona Cardinals
3127287,Budda Baker,Arizona Cardinals
4040983,Mack Wilson Sr.,Arizona Cardinals
4043089,Jalen Thompson,Arizona Cardinals
3917142,Akeem Davis-Gaither,Arizona Cardinals
4698113,Max Melton,Arizona Cardinals
4244606,Zaven Collins,Arizona Cardinals
11284,Calais Campbell,Arizona Cardinals
4568506,Garrett Williams,Arizona Cardinals
4241987,Baron Browning,Arizona Cardinals
4428633,Dadrion Taylor-Demerson,Arizona Cardinals
4362225,Dante Stills,Arizona Cardinals
4428996,Jordan Burch,Arizona Cardinals
3116449,L.J. Collier,Arizona Cardinals
4362478,Emari Demercado,Arizona Cardinals
4429071,Cody Simon,Arizona Cardinals
4685408,Will Johnson,Arizona Cardinals
3693166,Josh Sweat,Arizona Cardinals
4567219,Owen Pappoe,Arizona Cardinals
4363538,Chad Ryland,Arizona Cardinals
4045180,Blake Gillikin,Arizona Cardinals
4426339,Spencer Rattler,New Orleans Saints
3054850,Alvin Kamara,New Orleans Saints
4599739,Kendre Miller,New Orleans Saints
4682652,Devin Neal,New Orleans Saints
3929645,Juwan Johnson,New Orleans Saints
4361370,Chris Olave,New Orleans Saints
4032473,Rashid Shaheed,New Orleans Saints
16731,Brandin Cooks,New Orleans Saints
4569559,Devaughn Vele,New Orleans Saints
4241993,Pete Werner,New Orleans Saints
14958,Demario Davis,New Orleans Saints
4433975,Kool-Aid McKinstry,New Orleans Saints
4035661,Julian Blackmon,New Orleans Saints
3918310,Carl Granderson,New Orleans Saints
3931399,Justin Reid,New Orleans Saints
3122797,Isaac Yiadom,New Orleans Saints
13971,Cameron Jordan,New Orleans Saints
3115383,Davon Godchaux,New Orleans Saints
4076951,Nathan Shepherd,New Orleans Saints
4240475,Chris Rumph II,New Orleans Saints
4361194,Isaiah Stalbird,New Orleans Saints
4369835,Alontae Taylor,New Orleans Saints
4428988,Bryan Bresee,New Orleans Saints
4034862,Jack Stoll,New Orleans Saints
4683215,Danny Stutsman,New Orleans Saints
4032481,Jonah Williams,New Orleans Saints
4566088,Jaylan Ford,New Orleans Saints
4035693,Velus Jones Jr.,New Orleans Saints
4259619,Blake Grupe,New Orleans Saints
4570033,Kai Kroeger,New Orleans Saints
8439,Aaron Rodgers,Pittsburgh Steelers
4569987,Jaylen Warren,Pittsburgh Steelers
4371733,Kenneth Gainwell,Pittsburgh Steelers
4819231,Kaleb Johnson,Pittsburgh Steelers
4047650,DK Metcalf,Pittsburgh Steelers
4243389,Calvin Austin III,Pittsburgh Steelers
4361411,Pat Freiermuth,Pittsburgh Steelers
4035656,Ben Skowronek,Pittsburgh Steelers
3054212,Jonnu Smith,Pittsburgh Steelers
3917909,Juan Thornhill,Pittsburgh Steelers
3045463,Chuck Clark,Pittsburgh Steelers
4037333,Alex Highsmith,Pittsburgh Steelers
4242207,Patrick Queen,Pittsburgh Steelers
3929846,DeShon Elliott,Pittsburgh Steelers
15863,Darius Slay,Pittsburgh Steelers
3045282,T.J. Watt,Pittsburgh Steelers
4361652,Payton Wilson,Pittsburgh Steelers
13977,Cameron Heyward,Pittsburgh Steelers
3045373,Jalen Ramsey,Pittsburgh Steelers
4567979,Brandin Echols,Pittsburgh Steelers
4040615,Malik Harrison,Pittsburgh Steelers
4426694,Keeanu Benton,Pittsburgh Steelers
4430947,Yahya Black,Pittsburgh Steelers
2575164,Miles Killebrew,Pittsburgh Steelers
3052059,Daniel Ekuale,Pittsburgh Steelers
4426506,Joey Porter Jr.,Pittsburgh Steelers
4429490,Carson Bruener,Pittsburgh Steelers
4431590,Jack Sawyer,Pittsburgh Steelers
17372,Chris Boswell,Pittsburgh Steelers
3125280,Corliss Waitman,Pittsburgh Steelers
4362887,Justin Fields,New York Jets
4427366,Breece Hall,New York Jets
4695404,Isaiah Davis,New York Jets
4685247,Braelon Allen,New York Jets
4569618,Garrett Wilson,New York Jets
2310331,Tyler Johnson,New York Jets
4808766,Mason Taylor,New York Jets
3115306,Josh Reynolds,New York Jets
4361372,Jeremy Ruckert,New York Jets
4427278,Xavier Gipson,New York Jets
3110565,Quincy Williams,New York Jets
4240532,Tony Adams,New York Jets
4361331,Jamien Sherwood,New York Jets
4040982,Quinnen Williams,New York Jets
4045299,Marcelino McCrary-Ball,New York Jets
4361939,Andre Cisco,New York Jets
4035824,Brandon Stephens,New York Jets
4240456,Michael Carter II,New York Jets
4361767,Will McDonald IV,New York Jets
4259647,Jay Tufele,New York Jets
4567962,Jermaine Johnson II,New York Jets
3117255,Harrison Phillips,New York Jets
4371959,Cam Jones,New York Jets
4427250,Sauce Gardner,New York Jets
5208977,Qwan'tez Stiggers,New York Jets
4426676,Jowon Briggs,New York Jets
4692024,Malachi Moore,New York Jets
4700136,Kiko Mauigoa,New York Jets
4035537,Kene Nwangwu,New York Jets
4429105,Arian Smith,New York Jets
10621,Nick Folk,New York Jets
4427982,Austin McNamara,New York Jets
14881,Russell Wilson,New York Giants
4360516,Tyrone Tracy Jr.,New York Giants
4040761,Devin Singletary,New York Giants
4696981,Cam Skattebo,New York Giants
4595348,Malik Nabers,New York Giants
4569587,Wan'Dale Robinson,New York Giants
4361516,Daniel Bellinger,New York Giants
4429148,Theo Johnson,New York Giants
3916945,Darius Slayton,New York Giants
3117253,Bobby Okereke,New York Giants
4373809,Jevon Holland,New York Giants
4242547,Paulson Adebo,New York Giants
4035631,Brian Burns,New York Giants
4430261,Tyler Nubin,New York Giants
4431321,Dru Phillips,New York Giants
4426686,Dane Belton,New York Giants
4371961,Micah McFadden,New York Giants
4725996,Abdul Carter,New York Giants
4035483,Dexter Lawrence II,New York Giants
4426326,Kayvon Thibodeaux,New York Giants
4428072,Darius Muasau,New York Giants
4429607,Cor'Dale Flott,New York Giants
2574891,Roy Robertson-Harris,New York Giants
4039170,Elijah Garcia,New York Giants
4427636,Nic Jones,New York Giants
2575453,Rakeem Nunez-Roches,New York Giants
4424106,Gunner Olszewski,New York Giants
12460,Graham Gano,New York Giants
3936185,Jamie Gillan,New York Giants
4426348,Jayden Daniels,Washington Commanders
4575131,Jacory Croskey-Merritt,Washington Commanders
3068267,Austin Ekeler,Washington Commanders
3127586,Jeremy McNichols,Washington Commanders
3126486,Deebo Samuel,Washington Commanders
2576581,Chris Moore,Washington Commanders
3121409,Noah Brown,Washington Commanders
3121422,Terry McLaurin,Washington Commanders
15835,Zach Ertz,Washington Commanders
4602667,Jaylin Lane,Washington Commanders
14979,Bobby Wagner,Washington Commanders
3127273,Frankie Luvu,Washington Commanders
4360378,Quan Martin,Washington Commanders
3925354,Daron Payne,Washington Commanders
3928979,Dorance Armstrong,Washington Commanders
3915297,Will Harris,Washington Commanders
2980080,Deatrich Wise Jr.,Washington Commanders
3121421,Marshon Lattimore,Washington Commanders
4259491,Javon Kinlaw,Washington Commanders
14471,Nick Bellore,Washington Commanders
4574689,Trey Amos,Washington Commanders
4361088,Colson Yankoff,Washington Commanders
4363097,Percy Butler,Washington Commanders
4428414,Mike Sainristil,Washington Commanders
13976,Von Miller,Washington Commanders
2969924,Eddie Goldman,Washington Commanders
3125248,Jeremy Reaves,Washington Commanders
4242516,Noah Igbinoghene,Washington Commanders
4430560,Jer'Zhan Newton,Washington Commanders
3138764,Jacob Martin,Washington Commanders
4426948,Luke McCaffrey,Washington Commanders
4249087,Matt Gay,Washington Commanders
16166,Tress Way,Washington Commanders
4685720,Bryce Young,Carolina Panthers
4241416,Chuba Hubbard,Carolina Panthers
4038815,Rico Dowdle,Carolina Panthers
4685350,Trevor Etienne,Carolina Panthers
4685472,Tetairoa McMillan,Carolina Panthers
4431588,Ja'Tavion Sanders,Carolina Panthers
3135321,Hunter Renfrow,Carolina Panthers
4430034,Xavier Legette,Carolina Panthers
4372780,Tommy Tremble,Carolina Panthers
4362487,Tre'von Moehrig,Carolina Panthers
3909013,Christian Rozeboom,Carolina Panthers
3054857,A'Shawn Robinson,Carolina Panthers
4683815,Trevin Wallace,Carolina Panthers
3116179,Nick Scott,Carolina Panthers
3917853,Mike Jackson,Carolina Panthers
4035495,Derrick Brown,Carolina Panthers
4058925,Tershawn Wharton,Carolina Panthers
4372518,Bobby Brown III,Carolina Panthers
4360763,Brycen Tremayne,Carolina Panthers
4362847,Jaycee Horn,Carolina Panthers
4036063,Patrick Jones II,Carolina Panthers
4244607,Akayleb Evans,Carolina Panthers
4429166,Princely Umanmielen,Carolina Panthers
4697636,Chau Smith-Wade,Carolina Panthers
4426926,Demani Richardson,Carolina Panthers
4429110,Lathan Ransom,Carolina Panthers
4038849,DJ Wonnum,Carolina Panthers
4212909,David Moore,Carolina Panthers
4568263,Ryan Fitzgerald,Carolina Panthers
15928,Sam Martin,Carolina Panthers
4360310,Trevor Lawrence,Jacksonville Jaguars
4239996,Travis Etienne Jr.,Jacksonville Jaguars
4429013,Tank Bigsby,Jacksonville Jaguars
4882093,Bhayshul Tuten,Jacksonville Jaguars
4432773,Brian Thomas Jr.,Jacksonville Jaguars
4911851,LeQuint Allen Jr.,Jacksonville Jaguars
4361577,Dyami Brown,Jacksonville Jaguars
4430539,Brenton Strange,Jacksonville Jaguars
4685415,Travis Hunter,Jacksonville Jaguars
4239944,Hunter Long,Jacksonville Jaguars
3052096,Johnny Mundt,Jacksonville Jaguars
3045207,Jourdan Lewis,Jacksonville Jaguars
3050073,Foyesade Oluokun,Jacksonville Jaguars
3918331,Andrew Wingard,Jacksonville Jaguars
2970716,Eric Murray,Jacksonville Jaguars
4379397,Tyson Campbell,Jacksonville Jaguars
4426448,Jarrian Jones,Jacksonville Jaguars
4243256,Devin Lloyd,Jacksonville Jaguars
4334300,Dennis Gardeck,Jacksonville Jaguars
3042476,Dawuane Smoot,Jacksonville Jaguars
4240610,Ventrell Miller,Jacksonville Jaguars
4426349,Travon Walker,Jacksonville Jaguars
3121634,Khalen Saunders,Jacksonville Jaguars
4429168,Antonio Johnson,Jacksonville Jaguars
2971275,Arik Armstead,Jacksonville Jaguars
2977740,Emmanuel Ogbah,Jacksonville Jaguars
4880675,Rayuan Lane III,Jacksonville Jaguars
2979591,Austin Johnson,Jacksonville Jaguars
3915239,Josh Hines-Allen,Jacksonville Jaguars
3915419,Darnell Savage,Jacksonville Jaguars
4432620,Parker Washington,Jacksonville Jaguars
4686361,Cam Little,Jacksonville Jaguars
3115480,Logan Cooke,Jacksonville Jaguars
4688380,Cam Ward,Tennessee Titans
3916148,Tony Pollard,Tennessee Titans
4431268,Chimere Dike,Tennessee Titans
4367567,Julius Chestnut,Tennessee Titans
3925357,Calvin Ridley,Tennessee Titans
4360635,Chig Okonkwo,Tennessee Titans
4686728,Gunnar Helm,Tennessee Titans
4883647,Elic Ayomanor,Tennessee Titans
4362617,Bryce Oliver,Tennessee Titans
2577327,Tyler Lockett,Tennessee Titans
3047495,Sebastian Joseph-Day,Tennessee Titans
4573318,Dorian Mausi,Tennessee Titans
4426817,Jarvis Brownlee Jr.,Tennessee Titans
3926229,Cody Barton,Tennessee Titans
4429834,Cedric Gray,Tennessee Titans
4371973,Roger McCreary,Tennessee Titans
4036134,Amani Hooker,Tennessee Titans
4035369,Jeffery Simmons,Tennessee Titans
4036660,Darrell Baker Jr.,Tennessee Titans
4040432,L'Jarius Sneed,Tennessee Titans
2577553,Quandre Diggs,Tennessee Titans
4429058,Jaylen Harrell,Tennessee Titans
4428617,T'Vondre Sweat,Tennessee Titans
3115914,Jihad Ward,Tennessee Titans
4259181,James Lynch,Tennessee Titans
4360978,David Martin-Robinson,Tennessee Titans
3040572,Xavier Woods,Tennessee Titans
3915525,Dre'Mont Jones,Tennessee Titans
4876057,Oluwafemi Oladejo,Tennessee Titans
14931,Kevin Zeitler,Tennessee Titans
15153,Johnny Hekker,Tennessee Titans
3843843,Arden Key,Tennessee Titans
3124084,Joey Slye,Tennessee Titans
4426338,Bo Nix,Denver Broncos
4568490,RJ Harvey,Denver Broncos
4241985,J.K. Dobbins,Denver Broncos
3128429,Courtland Sutton,Denver Broncos
4431280,Troy Franklin,Denver Broncos
3051876,Evan Engram,Denver Broncos
4362748,Tyler Badie,Denver Broncos
4686472,Marvin Mims Jr.,Denver Broncos
4360231,Lucas Krull,Denver Broncos
3911853,Adam Trautman,Denver Broncos
3929914,Adam Prentice,Denver Broncos
3122168,Trent Sherfield,Denver Broncos
4039059,Brandon Jones,Denver Broncos
4430925,Jahdae Barron,Denver Broncos
4360853,Talanoa Hufanga,Denver Broncos
4382401,Riley Moss,Denver Broncos
2612151,Alex Singleton,Denver Broncos
3919548,Justin Strnad,Denver Broncos
4360259,Nik Bonitto,Denver Broncos
4687592,Jonah Elliss,Denver Broncos
4066109,Eyioma Uwazurike,Denver Broncos
4040608,Jonathon Cooper,Denver Broncos
4567462,Ja'Quan McMillian,Denver Broncos
3915282,Zach Allen,Denver Broncos
3052885,Mike McGlinchey,Denver Broncos
3894915,D.J. Jones,Denver Broncos
4037559,Devon Key,Denver Broncos
4429193,Kris Abrams-Draine,Denver Broncos
3120464,John Franklin-Myers,Denver Broncos
4039018,Luke Wattenberg,Denver Broncos
4261090,Jordan Jackson,Denver Broncos
4608138,Quinn Meinerz,Denver Broncos
5216101,Dondrea Tillman,Denver Broncos
4372012,Pat Surtain II,Denver Broncos
2985659,Wil Lutz,Denver Broncos
4589212,Jeremy Crawshaw,Denver Broncos
4361741,Brock Purdy,San Francisco 49ers
3117251,Christian McCaffrey,San Francisco 49ers
4241474,Brian Robinson Jr.,San Francisco 49ers
4428209,Ricky Pearsall,San Francisco 49ers
16002,Kyle Juszczyk,San Francisco 49ers
3040151,George Kittle,San Francisco 49ers
3886598,Jauan Jennings,San Francisco 49ers
4259147,Jake Tonges,San Francisco 49ers
4040612,Luke Farrell,San Francisco 49ers
4430191,Skyy Moore,San Francisco 49ers
4040605,Nick Bosa,San Francisco 49ers
4693337,Marques Sigle,San Francisco 49ers
3138826,Fred Warner,San Francisco 49ers
4428914,Dee Winters,San Francisco 49ers
4240706,Jason Pinnock,San Francisco 49ers
4427325,Renardo Green,San Francisco 49ers
3116097,Luke Gifford,San Francisco 49ers
4039052,Jordan Elliott,San Francisco 49ers
4242488,Deommodore Lenoir,San Francisco 49ers
4569497,Sam Okuayinonu,San Francisco 49ers
4426698,Tatum Bethune,San Francisco 49ers
3916075,Colton McKivitz,San Francisco 49ers
4047846,Chase Lucas,San Francisco 49ers
4243541,Kalia Davis,San Francisco 49ers
4565200,Upton Stout,San Francisco 49ers
4430835,Alfred Collins,San Francisco 49ers
4685623,Mykel Williams,San Francisco 49ers
4259594,Yetur Gross-Matos,San Francisco 49ers
4372561,Isaac Guerendo,San Francisco 49ers
4372066,Jake Moody,San Francisco 49ers
12701,Thomas Morstead,San Francisco 49ers
3912547,Sam Darnold,Seattle Seahawks
4426385,Zach Charbonnet,Seattle Seahawks
4567048,Kenneth Walker III,Seattle Seahawks
4576297,AJ Barner,Seattle Seahawks
4432734,Jalen Milroe,Seattle Seahawks
4430878,Jaxon Smith-Njigba,Seattle Seahawks
2977187,Cooper Kupp,Seattle Seahawks
4678006,Elijah Arroyo,Seattle Seahawks
4046675,Julian Love,Seattle Seahawks
4575431,Devon Witherspoon,Seattle Seahawks
4239094,Coby Bryant,Seattle Seahawks
4362851,Ernest Jones IV,Seattle Seahawks
4686540,Tyrice Knight,Seattle Seahawks
2971622,Leonard Williams,Seattle Seahawks
16802,DeMarcus Lawrence,Seattle Seahawks
4570040,Byron Murphy II,Seattle Seahawks
3115312,Jarran Reed,Seattle Seahawks
4245185,Riq Woolen,Seattle Seahawks
2975863,Eric Saubert,Seattle Seahawks
4240754,Boye Mafe,Seattle Seahawks
4372020,Josh Jobe,Seattle Seahawks
4428659,Drake Thomas,Seattle Seahawks
4567226,Derick Hall,Seattle Seahawks
4243176,Brady Russell,Seattle Seahawks
4567222,Nehemiah Pritchett,Seattle Seahawks
4869523,Nick Emmanwori,Seattle Seahawks
4037521,Chazz Surratt,Seattle Seahawks
4429835,George Holani,Seattle Seahawks
4241983,Cody White,Seattle Seahawks
4597703,Tory Horton,Seattle Seahawks
2473037,Jason Myers,Seattle Seahawks
3929851,Michael Dickson,Seattle Seahawks
3046779,Jared Goff,Detroit Lions
4035538,David Montgomery,Detroit Lions
4429795,Jahmyr Gibbs,Detroit Lions
4426388,Jameson Williams,Detroit Lions
4430027,Sam LaPorta,Detroit Lions
4374302,Amon-Ra St. Brown,Detroit Lions
2973405,Kalif Raymond,Detroit Lions
5123663,Isaac TeSlaa,Detroit Lions
4569465,Jack Campbell,Detroit Lions
4260409,Derrick Barnes,Detroit Lions
4592837,Terrion Arnold,Detroit Lions
3139387,D.J. Reed,Detroit Lions
4692025,Brian Branch,Detroit Lions
3043107,Alex Anzalone,Detroit Lions
4239694,Amik Robertson,Detroit Lions
3124058,Marcus Davenport,Detroit Lions
4431615,Tyleik Williams,Detroit Lions
3123938,Avonte Maddox,Detroit Lions
4027919,Khalil Dorsey,Detroit Lions
4360383,Kerby Joseph,Detroit Lions
4421446,Craig Reynolds,Detroit Lions
4423367,Anthony Pittman,Detroit Lions
4689936,Jake Bates,Detroit Lions
4040805,Roy Lopez,Detroit Lions
3051942,Al-Quadin Muhammad,Detroit Lions
4372099,Aidan Hutchinson,Detroit Lions
4383429,Jacob Saylors,Detroit Lions
4240255,Grant Stuard,Detroit Lions
3916370,Jack Fox,Detroit Lions
4036378,Jordan Love,Green Bay Packers
4047365,Josh Jacobs,Green Bay Packers
4887558,Emanuel Wilson,Green Bay Packers
4572680,Tucker Kraft,Green Bay Packers
3149687,Chris Brooks,Green Bay Packers
4361432,Romeo Doubs,Green Bay Packers
4362249,Jayden Reed,Green Bay Packers
4428850,Dontayvion Wicks,Green Bay Packers
4701936,Matthew Golden,Green Bay Packers
4428085,Luke Musgrave,Green Bay Packers
4379401,John FitzPatrick,Green Bay Packers
4431487,Savion Williams,Green Bay Packers
4430438,Edgerrin Cooper,Green Bay Packers
4688930,Javon Bullard,Green Bay Packers
4379416,Quay Walker,Green Bay Packers
4046523,Rashan Gary,Green Bay Packers
4259493,Keisean Nixon,Green Bay Packers
4241470,Xavier McKinney,Green Bay Packers
4567224,Colby Wooden,Green Bay Packers
4036141,Nick Niemann,Green Bay Packers
4239947,Isaiah McDuffie,Green Bay Packers
4686906,Lukas Van Ness,Green Bay Packers
4361791,Devonte Wyatt,Green Bay Packers
4428863,Evan Williams,Green Bay Packers
4362840,Kingsley Enagbare,Green Bay Packers
4361423,Micah Parsons,Green Bay Packers
4430965,Carrington Valentine,Green Bay Packers
4567406,Ty'Ron Hopper,Green Bay Packers
4374037,Kitan Oladapo,Green Bay Packers
4429142,Nazir Stackhouse,Green Bay Packers
16339,Brandon McManus,Green Bay Packers
4248789,Daniel Whelan,Green Bay Packers
4432577,C.J. Stroud,Houston Texans
3128720,Nick Chubb,Houston Texans
2983509,Dare Ogunbowale,Houston Texans
4686422,Xavier Hutchinson,Houston Texans
4360238,Dameon Pierce,Houston Texans
4429059,Woody Marks,Houston Texans
4877706,Jayden Higgins,Houston Texans
3117256,Dalton Schultz,Houston Texans
3118892,Justin Watson,Houston Texans
4258173,Nico Collins,Houston Texans
4426496,Cade Stover,Houston Texans
4586312,Jaylin Noel,Houston Texans
2976560,Danielle Hunter,Houston Texans
4602699,Kamari Lassiter,Houston Texans
3919117,Azeez Al-Shaair,Houston Texans
4426350,Henry To'oTo'o,Houston Texans
4241223,Jalen Pitre,Houston Texans
4426434,Derek Stingley Jr.,Houston Texans
4685724,Will Anderson Jr.,Houston Texans
4034953,C.J. Gardner-Johnson,Houston Texans
4431517,Calen Bullock,Houston Texans
3045172,Folorunso Fatukasi,Houston Texans
2970204,Sheldon Rankins,Houston Texans
4594277,Jaylin Smith,Houston Texans
2971573,Ka'imi Fairbairn,Houston Texans
3915396,Darrell Taylor,Houston Texans
4374066,Dylan Horton,Houston Texans
4567099,Christian Harris,Houston Texans
3115336,Derek Barnett,Houston Texans
3929956,Tim Settle,Houston Texans
3134448,Tremon Smith,Houston Texans
3915398,Tommy Townsend,Houston Texans
12483,Matthew Stafford,Los Angeles Rams
4430737,Kyren Williams,Los Angeles Rams
4569382,Jordan Whittington,Los Angeles Rams
4429096,Blake Corum,Los Angeles Rams
4426515,Puka Nacua,Los Angeles Rams
16800,Davante Adams,Los Angeles Rams
4386544,Xavier Smith,Los Angeles Rams
4426553,Davis Allen,Los Angeles Rams
4360797,Tutu Atwell,Los Angeles Rams
4242557,Colby Parkinson,Los Angeles Rams
4362245,Braden Fiske,Los Angeles Rams
4242154,Kam Curl,Los Angeles Rams
4243181,Nate Landman,Los Angeles Rams
4875196,Byron Young,Los Angeles Rams
4428550,Omar Speights,Los Angeles Rams
4596363,Kamren Kinchens,Los Angeles Rams
4568217,Tyler Davis,Los Angeles Rams
4427120,Jaylen McCollough,Los Angeles Rams
4429767,Emmanuel Forbes Jr.,Los Angeles Rams
4250621,Kobie Turner,Los Angeles Rams
4578085,Jared Verse,Los Angeles Rams
3122630,Ahkello Witherspoon,Los Angeles Rams
4384549,Cobie Durant,Los Angeles Rams
4249128,Quentin Lake,Los Angeles Rams
4693848,Shaun Dolac,Los Angeles Rams
3116177,Troy Reeder,Los Angeles Rams
4360773,Nick Hampton,Los Angeles Rams
3125114,Poona Ford,Los Angeles Rams
4682983,Josaiah Stewart,Los Angeles Rams
4566192,Joshua Karty,Los Angeles Rams
5125875,Ethan Evans,Los Angeles Rams
3916387,Lamar Jackson,Baltimore Ravens
3043078,Derrick Henry,Baltimore Ravens
4429615,Zay Flowers,Baltimore Ravens
4690013,Rasheen Ali,Baltimore Ravens
4038441,Justice Hill,Baltimore Ravens
15795,DeAndre Hopkins,Baltimore Ravens
4360939,Rashod Bateman,Baltimore Ravens
3116365,Mark Andrews,Baltimore Ravens
3915189,Roquan Smith,Baltimore Ravens
4575517,Kyle Hamilton,Baltimore Ravens
4685530,Malaki Starks,Baltimore Ravens
4035245,Nnamdi Madubuike,Baltimore Ravens
3052101,Chidobe Awuzie,Baltimore Ravens
4601278,Nate Wiggins,Baltimore Ravens
4690179,Tavius Robinson,Baltimore Ravens
3126356,Marlon Humphrey,Baltimore Ravens
4698244,Teddye Buchanan,Baltimore Ravens
3895429,Jaire Alexander,Baltimore Ravens
4362139,Travis Jones,Baltimore Ravens
16772,Kyle Van Noy,Baltimore Ravens
4575483,T.J. Tampa,Baltimore Ravens
4241250,Jake Hummel,Baltimore Ravens
4241424,Tylan Wallace,Baltimore Ravens
4430831,Trenton Simpson,Baltimore Ravens
4683188,Mike Green,Baltimore Ravens
4694334,Keyon Martin,Baltimore Ravens
4697745,Tyler Loop,Baltimore Ravens
4361422,Odafe Oweh,Baltimore Ravens
3915837,Broderick Washington Jr.,Baltimore Ravens
4565311,Aeneas Peebles,Baltimore Ravens
4690143,LaJohntay Wester,Baltimore Ravens
4260224,Jordan Stout,Baltimore Ravens
3918298,Josh Allen,Buffalo Bills
4379399,James Cook III,Buffalo Bills
3915411,Ty Johnson,Buffalo Bills
4372414,Elijah Moore,Buffalo Bills
4429501,Ray Davis,Buffalo Bills
4635008,Keon Coleman,Buffalo Bills
4373678,Khalil Shakir,Buffalo Bills
4242433,Joshua Palmer,Buffalo Bills
4385690,Dalton Kincaid,Buffalo Bills
4573699,Jackson Hawes,Buffalo Bills
3930086,Dawson Knox,Buffalo Bills
4259166,Terrel Bernard,Buffalo Bills
4379778,Christian Benford,Buffalo Bills
4039303,Ed Oliver,Buffalo Bills
4039007,Taylor Rapp,Buffalo Bills
4568624,Dorian Williams,Buffalo Bills
3046287,Matt Milano,Buffalo Bills
4676004,Cole Bishop,Buffalo Bills
4362506,Greg Rousseau,Buffalo Bills
3051389,Joey Bosa,Buffalo Bills
3121003,Taron Johnson,Buffalo Bills
3916577,Cam Lewis,Buffalo Bills
4568703,Dorian Strong,Buffalo Bills
16910,DaQuan Jones,Buffalo Bills
2978313,Shaq Thompson,Buffalo Bills
4044133,Sam Franklin Jr.,Buffalo Bills
4240585,AJ Epenesa,Buffalo Bills
4366349,Joe Andreessen,Buffalo Bills
4428548,Javon Solomon,Buffalo Bills
4576069,Brandon Codrington,Buffalo Bills
11122,Matt Prater,Buffalo Bills
4258197,Brad Robbins,Buffalo Bills
4433970,J.J. McCarthy,Minnesota Vikings
4360569,Jordan Mason,Minnesota Vikings
3042519,Aaron Jones Sr.,Minnesota Vikings
4262921,Justin Jefferson,Minnesota Vikings
4382466,Jalen Nailor,Minnesota Vikings
4036133,T.J. Hockenson,Minnesota Vikings
3921690,Josh Oliver,Minnesota Vikings
16460,Adam Thielen,Minnesota Vikings
4568007,Jay Ward,Minnesota Vikings
4046537,Joshua Metellus,Minnesota Vikings
2983055,Javon Hargrave,Minnesota Vikings
3056916,Eric Wilson,Minnesota Vikings
3133487,Andrew Van Ginkel,Minnesota Vikings
4044540,Isaiah Rodgers,Minnesota Vikings
4430280,Ivan Pace Jr.,Minnesota Vikings
4038999,Byron Murphy Jr.,Minnesota Vikings
4242436,Theo Jackson,Minnesota Vikings
4565185,Tai Felton,Minnesota Vikings
3728281,Blake Cashman,Minnesota Vikings
3054840,Jonathan Allen,Minnesota Vikings
4565190,Dallas Turner,Minnesota Vikings
3916409,Jonathan Greenard,Minnesota Vikings
4241984,Jeff Okudah,Minnesota Vikings
4360277,Jalen Redmond,Minnesota Vikings
5093973,Levi Drake Rodriguez,Minnesota Vikings
4334405,Tavierre Thomas,Minnesota Vikings
4431520,Chaz Chambliss,Minnesota Vikings
15726,Andrew DePaola,Minnesota Vikings
4629149,Tyrion Ingram-Dawkins,Minnesota Vikings
4242431,Ty Chandler,Minnesota Vikings
4430656,Myles Price,Minnesota Vikings
4567104,Will Reichard,Minnesota Vikings
4361823,Ryan Wright,Minnesota Vikings
4431611,Caleb Williams,Chicago Bears
4259545,D'Andre Swift,Chicago Bears
3915416,DJ Moore,Chicago Bears
3917914,Olamide Zaccheaus,Chicago Bears
4431299,Rome Odunze,Chicago Bears
4258595,Cole Kmet,Chicago Bears
4723086,Colston Loveland,Chicago Bears
4608686,Kyle Monangai,Chicago Bears
4685278,Luther Burden III,Chicago Bears
4430822,Noah Sewell,Chicago Bears
3929950,Tremaine Edmunds,Chicago Bears
2574056,Kevin Byard,Chicago Bears
4570044,Jaquan Brisker,Chicago Bears
4570470,Nahshon Wright,Chicago Bears
4426374,Tyrique Stevenson,Chicago Bears
4429014,Gervon Dexter Sr.,Chicago Bears
2576492,Grady Jarrett,Chicago Bears
4365629,Daniel Hardy,Chicago Bears
4429970,Ruben Hyppolite II,Chicago Bears
3134690,Montez Sweat,Chicago Bears
4331768,Jonathan Owens,Chicago Bears
2982313,Tanoh Kpassagnon,Chicago Bears
4242659,Dayo Odeyingbo,Chicago Bears
4242402,Elijah Hicks,Chicago Bears
4047655,Jaylon Jones,Chicago Bears
4034530,Chris Williams,Chicago Bears
2980138,Scott Daly,Chicago Bears
4569428,Carl Jones,Chicago Bears
4039050,Devin Duvernay,Chicago Bears
17427,Cairo Santos,Chicago Bears
4686889,Tory Taylor,Chicago Bears
4690923,Ben Sinnott,Washington Commanders
2971027,Jonathan Jones,Washington Commanders
4361357,Javontae Jean-Baptiste,Washington Commanders
4689334,Malik Heath,Green Bay Packers
4373423,Karl Brooks,Green Bay Packers
4240542,Nate Hobbs,Green Bay Packers
4683643,Barryn Sorrell,Green Bay Packers
3134353,Tim Patrick,Jacksonville Jaguars
3915520,DaVon Hamilton,Jacksonville Jaguars
4244049,Quintin Morris,Jacksonville Jaguars
4360807,Yasir Abdullah,Jacksonville Jaguars
4431567,Maason Smith,Jacksonville Jaguars
3886812,Jake Browning,Cincinnati Bengals
4690070,Mitchell Tinsley,Cincinnati Bengals
4368003,Andrei Iosivas,Cincinnati Bengals
4685562,Shemar Stewart,Cincinnati Bengals
4431571,Amarius Mims,Cincinnati Bengals
4689114,Jaxson Dart,New York Giants
4428328,Deonte Banks,New York Giants
3060403,Chris Board,New York Giants
4036132,Chauncey Golston,New York Giants
4431210,Beaux Collins,New York Giants
4689674,Art Green,New York Giants
4429291,Beau Brade,New York Giants
4570546,Swayze Bozeman,New York Giants
4426542,Darius Alexander,New York Giants
4428584,Reddy Steward,Dallas Cowboys
17474,C.J. Goodwin,Dallas Cowboys
4360590,Juanyeh Thomas,Dallas Cowboys
5083754,Ryan Flournoy,Dallas Cowboys
4383396,Hunter Luepke,Dallas Cowboys
4032200,Robert Rochell,Dallas Cowboys
4685841,Zion Childress,Dallas Cowboys
4434153,Tyson Bagent,Chicago Bears
3121544,T.J. Edwards,Chicago Bears
4036169,Nick McCloud,Chicago Bears
3051775,Andrew Billings,Chicago Bears
4243253,Jaylon Johnson,Chicago Bears
3930040,Jonah Jackson,Chicago Bears
4240459,Josh Blackwell,Chicago Bears
4244300,Dominique Robinson,Chicago Bears
4426386,Roschon Johnson,Chicago Bears
4242392,Brock Wright,Detroit Lions
2980206,Pat O'Connor,Detroit Lions
3051750,Zach Cunningham,Detroit Lions
3910229,Rock Ya-Sin,Detroit Lions
4240692,Monty Rice,Detroit Lions
4035505,Daniel Thomas,Detroit Lions
4586333,Mekhi Wingo,Detroit Lions
2573401,Tyler Higbee,Los Angeles Rams
4431118,Ty Hamilton,Los Angeles Rams
4240123,Larrell Murchison,Los Angeles Rams
4239833,Darious Williams,Los Angeles Rams
3930066,Van Jefferson,Tennessee Titans
3886601,Shy Tuttle,Tennessee Titans
4243004,Jordan Mims,Tennessee Titans
4244310,Mike Brown,Tennessee Titans
4700676,C.J. Ravenell,Tennessee Titans
3116729,Garrett Bradbury,New England Patriots
3925350,Anfernee Jennings,New England Patriots
4047941,Brenden Schooler,New England Patriots
4688432,Elijah Ponder,New England Patriots
4035857,Cameron Goode,Miami Dolphins
4259804,Willie Gay Jr.,Miami Dolphins
3932901,Elijah Campbell,Miami Dolphins
4040537,Aaron Brewer,Miami Dolphins
4242521,K.J. Britt,Miami Dolphins
4243371,Riley Patterson,Miami Dolphins
4241464,Mac Jones,San Francisco 49ers
3045523,Kendrick Bourne,San Francisco 49ers
3051738,Marquez Valdes-Scantling,San Francisco 49ers
4360290,Brayden Willis,San Francisco 49ers
4039375,Bryce Huff,San Francisco 49ers
4685978,Darrell Luter Jr.,San Francisco 49ers
4693644,Ji'Ayir Brown,San Francisco 49ers
3057524,Siran Neal,San Francisco 49ers
4034949,Eddy Pineiro,San Francisco 49ers
4258199,Cesar Ruiz,New Orleans Saints
4683813,Jonas Sanker,New Orleans Saints
4429040,Vernon Broughton,New Orleans Saints
4428350,Quincy Riley,New Orleans Saints
3039707,Mitchell Trubisky,Buffalo Bills
4241476,Tyrell Shavers,Buffalo Bills
4030899,Spencer Brown,Buffalo Bills
3042717,Tre'Davious White,Buffalo Bills
4831989,Deone Walker,Buffalo Bills
4577066,Keonta Jenkins,Buffalo Bills
4039505,Reggie Gilliam,Buffalo Bills
4036060,Damar Hamlin,Buffalo Bills
4240059,Ja'Marcus Ingram,Buffalo Bills
4684527,T.J. Sanders,Buffalo Bills
4427826,Zion Logue,Buffalo Bills
3051397,Cameron Johnston,Buffalo Bills
14163,Tyrod Taylor,New York Jets
3915437,Isaiah Oliver,New York Jets
4429005,Braiden McGregor,New York Jets
4431598,Leonard Taylor III,New York Jets
4240896,Micheal Clemons,New York Jets
4685596,Azareye'h Thomas,New York Jets
4569371,Isaiah Williams,New York Jets
3120358,Uchenna Nwosu,Seattle Seahawks
4572055,Mike Morris,Seattle Seahawks
4691688,Robbie Ouzts,Seattle Seahawks
4247808,Ty Okada,Seattle Seahawks
4360307,Derion Kendrick,Seattle Seahawks
4608386,D'Anthony Bell,Seattle Seahawks
4401805,Dareke Young,Seattle Seahawks
3116407,Mason Rudolph,Pittsburgh Steelers
4431492,Roman Wilson,Pittsburgh Steelers
4241961,Connor Heyward,Pittsburgh Steelers
4430802,Darnell Washington,Pittsburgh Steelers
4429164,Nick Herbig,Pittsburgh Steelers
3116689,Cole Holcomb,Pittsburgh Steelers
4429775,Zach Frazier,Pittsburgh Steelers
4427238,Dillon Gabriel,Cleveland Browns
4685702,Quinshon Judkins,Cleveland Browns
2969961,Rayshawn Jenkins,Cleveland Browns
4361510,Cameron Thomas,Cleveland Browns
16740,Joel Bitonio,Cleveland Browns
4569607,Cameron Mitchell,Cleveland Browns
3040471,Maliek Collins,Cleveland Browns
2972515,Cooper Rush,Baltimore Ravens
4696882,Devontez Walker,Baltimore Ravens
4876006,Zaire Mitchell-Paden,Baltimore Ravens
15846,John Jenkins,Baltimore Ravens
4600981,Pat Bryant,Denver Broncos
3929850,P.J. Locke,Denver Broncos
3139166,Mitchell Fraboni,Denver Broncos
4241807,Garret Wallow,Denver Broncos
4428503,JL Skinner,Denver Broncos
3128630,Chris Lammons,Indianapolis Colts
4361707,Chad Muma,Indianapolis Colts
4429684,Anthony Gould,Indianapolis Colts
4683243,Mitchell Evans,Carolina Panthers
4714157,Thomas Incoom,Carolina Panthers
3917592,Robert Hunt,Carolina Panthers
4880613,Bam Martin-Scott,Carolina Panthers
4833355,Nic Scourton,Carolina Panthers
2578570,Jacoby Brissett,Arizona Cardinals
4361421,PJ Mustipher,Arizona Cardinals
2979860,Dalvin Tomlinson,Arizona Cardinals
4426923,Kei'Trel Clark,Arizona Cardinals
3128412,Evan Brown,Arizona Cardinals
3914151,Josiah Deguara,Arizona Cardinals
4430821,Kitan Crawford,Arizona Cardinals
4569480,Darius Robinson,Arizona Cardinals
4432668,Denzel Burke,Arizona Cardinals
4427728,Bam Knight,Arizona Cardinals
4241374,Grant Calcaterra,Philadelphia Eagles
3043168,Za'Darius Smith,Philadelphia Eagles
4428992,Kelee Ringo,Philadelphia Eagles
4685759,Jalen Carter,Philadelphia Eagles
4591008,Omarr Norman-Lott,Kansas City Chiefs
4602389,Jeffrey Bassa,Kansas City Chiefs
16665,James Winchester,Kansas City Chiefs
4569659,Josh Simmons,Kansas City Chiefs
4602648,Kevin Knowles,Kansas City Chiefs
4040655,Darnell Mooney,Atlanta Falcons
3050916,Mike Ford Jr.,Atlanta Falcons
4002046,David Onyemata,Atlanta Falcons
4401823,Dee Alford,Atlanta Falcons
4427090,Brandon Dorlus,Atlanta Falcons
3128303,Josh Woods,Atlanta Falcons
4567111,DeMarcco Hellams,Atlanta Falcons
3043136,Leonard Floyd,Atlanta Falcons
4243457,DeAngelo Malone,Atlanta Falcons
4051167,Parker Romo,Atlanta Falcons
4360502,Kaevon Merriweather,Tampa Bay Buccaneers
4372459,Christian Izien,Tampa Bay Buccaneers
4427673,Calijah Kancey,Tampa Bay Buccaneers
4248533,Josh Hayes,Tampa Bay Buccaneers
4690795,Elijah Roberts,Tampa Bay Buccaneers
4040774,Harrison Bryant,Houston Texans
3071353,E.J. Speed,Houston Texans
4033812,Jake Hansen,Houston Texans
3116679,M.J. Stewart,Houston Texans
16195,Tony Jefferson,Los Angeles Chargers
4046716,Naquan Jones,Los Angeles Chargers
5089178,Jamaree Caldwell,Los Angeles Chargers
4431467,Marlowe Wax,Los Angeles Chargers
4567138,Justin Eboigbe,Los Angeles Chargers
4076803,Jordan Meredith,Las Vegas Raiders
4035666,Leki Fotu,Las Vegas Raiders
4373471,Brennan Jackson,Las Vegas Raiders
4379413,Chris Smith II,Las Vegas Raiders
4685126,Cody Lindenberg,Las Vegas Raiders
4365395,Julian Hill,Miami Dolphins
3123963,Cornell Armstrong,Miami Dolphins
4367504,Jordan Colbert,Miami Dolphins
3932335,Zayne Anderson,Green Bay Packers
4426411,Sean Rhyan,Green Bay Packers
4430806,Luke Wypler,Cleveland Browns
4243333,Joe Tryon-Shoyinka,Cleveland Browns
5085888,Easton Mascarenas-Arnold,Cleveland Browns
4362018,Blake Whiteheart,Cleveland Browns
5065495,Kaden Davis,Cleveland Browns
4429676,Tyler Goodson,Indianapolis Colts
4429084,Anthony Richardson Sr.,Indianapolis Colts
4242415,Daniel Scott,Indianapolis Colts
3914922,Rigoberto Sanchez,Indianapolis Colts
4039254,Kyzir White,Tennessee Titans
4372017,Jalyn Armour-Davis,Tennessee Titans
3722362,Brett Rypien,Cincinnati Bengals
4700712,Cam Grandy,Cincinnati Bengals
4243923,Cameron Sample,Cincinnati Bengals
4429946,PJ Jules,Cincinnati Bengals
4240595,Marco Wilson,Cincinnati Bengals
4426992,Howard Cross III,Cincinnati Bengals
4362502,DJ Ivey,Cincinnati Bengals
2573079,Carson Wentz,Minnesota Vikings
4573398,Max Brosmer,Minnesota Vikings
4257364,Zavier Scott,Minnesota Vikings
4240021,Cam Akers,Minnesota Vikings
3930270,Blake Brandel,Minnesota Vikings
4429185,Austin Keys,Minnesota Vikings
4433959,Ben Yurosek,Minnesota Vikings
4588300,Kobe King,Minnesota Vikings
14945,Harrison Smith,Minnesota Vikings
3115962,Jabrill Peppers,Pittsburgh Steelers
4682980,Derrick Harmon,Pittsburgh Steelers
4259252,James Pierre,Pittsburgh Steelers
4426359,DeMarvin Leal,Pittsburgh Steelers
4046545,Mike Onwenu,New England Patriots
4368113,Charles Woods,New England Patriots
3139368,Marcus Epps,Philadelphia Eagles
3128390,Allen Lazard,New York Jets
4692555,Tyler Baron,New York Jets
4426921,Dean Clark,New York Jets
3125107,Andrew Beck,New York Jets
4429251,Graham Barton,Tampa Bay Buccaneers
4428989,Chris Braswell,Tampa Bay Buccaneers
4816107,Benjamin Morrison,Tampa Bay Buccaneers
4373706,Markees Watts,Tampa Bay Buccaneers
4430330,Darien Porter,Las Vegas Raiders
4250393,Tristin McCollum,Las Vegas Raiders
2576980,Marcus Mariota,Washington Commanders
4362619,Chris Rodriguez Jr.,Washington Commanders
4568617,Jordan Magee,Washington Commanders
4572460,Tyler Owens,Washington Commanders
3121414,Jalyn Holmes,Washington Commanders
14880,Kirk Cousins,Atlanta Falcons
4605841,Nathan Carter,Atlanta Falcons
3871102,David Sills V,Atlanta Falcons
4035020,Charlie Woerner,Atlanta Falcons
4376288,LaCale London,Atlanta Falcons
4568510,Matthew Bergeron,Atlanta Falcons
4428872,JD Bertrand,Atlanta Falcons
14012,Andy Dalton,Carolina Panthers
4428125,Maema Njongmeta,Carolina Panthers
4687513,Cam Jackson,Carolina Panthers
4362910,Jaden Crumedy,Carolina Panthers
4240623,DJ Johnson,Carolina Panthers
4569372,Dalevon Campbell,Carolina Panthers
4431426,Corey Thornton,Carolina Panthers
3895856,Christian Kirk,Houston Texans
4361366,Tommy Togiai,Houston Texans
3115349,Jakob Johnson,Houston Texans
4595342,Oronde Gadsden,Los Angeles Chargers
4242558,Tucker Fisk,Los Angeles Chargers
4429018,RJ Mickens,Los Angeles Chargers
4432333,Kyle Kennard,Los Angeles Chargers
4360689,Tyler Shough,New Orleans Saints
4372758,Kevin Austin Jr.,New Orleans Saints
4360949,Jordan Howden,New Orleans Saints
2980097,Jonathan Bullard,New Orleans Saints
4035663,Terrell Burgess,New Orleans Saints
3924327,Drew Lock,Seattle Seahawks
4428943,Jacardia Wright,Seattle Seahawks
4570084,Jerrick Reed II,Seattle Seahawks
4360698,Joe Milton III,Dallas Cowboys
4426513,Trikweze Bridges,Dallas Cowboys
4917592,Dallis Flowers,Chicago Bears
3886633,Hjalte Froholdt,Arizona Cardinals
4360739,Simi Fehoko,Arizona Cardinals
4372378,Anthony Goodlow,Arizona Cardinals
4686308,C.J. West,San Francisco 49ers
13241,Trent Williams,San Francisco 49ers
4428383,Chris Roland-Wallace,Kansas City Chiefs
4917635,Joshua Williams,Kansas City Chiefs
2531358,Chris Manhertz,New York Giants
3059880,Neville Hewitt,New York Giants
5144894,Trevor Nowaske,Detroit Lions
2977670,DJ Reader,Detroit Lions
4361861,Tyler Lacy,Detroit Lions
4912274,Sione Vaki,Detroit Lions
4241263,Charlie Kolar,Baltimore Ravens
16831,Brent Urban,Baltimore Ravens
4430118,Sanoussi Kane,Baltimore Ravens
4565350,Jay Higgins IV,Baltimore Ravens
4360405,Jake Bobo,Seattle Seahawks
4259651,Brandon Pili,Seattle Seahawks
4240657,Michael Carter,Arizona Cardinals
4428811,Xavier Weaver,Arizona Cardinals
4429205,Jordan Addison,Minnesota Vikings
4696782,Elijah Williams,Minnesota Vikings
4875564,Bo Richter,Minnesota Vikings
3914397,Scotty Miller,Pittsburgh Steelers
4428990,Broderick Jones,Pittsburgh Steelers
4241401,Trey Sermon,Pittsburgh Steelers
4245144,Tay Martin,Washington Commanders
3056354,Antonio Hamilton Sr.,Washington Commanders
4429067,Clark Phillips III,Atlanta Falcons
3917331,Erik McCoy,New Orleans Saints
4606711,Taliese Fuaga,New Orleans Saints
4384595,Khristian Boyd,New Orleans Saints
3121427,Curtis Samuel,Buffalo Bills
2577466,Jordan Phillips,Buffalo Bills
4596480,Jordan Hancock,Buffalo Bills
4259300,Tre Avery,Cleveland Browns
4373079,KT Leveston,Cleveland Browns
3913293,Rex Sunahara,Cleveland Browns
3115293,Kyle Allen,Detroit Lions
4689333,Tyrus Wheat,Detroit Lions
4361988,James Mitchell,Carolina Panthers
4037239,Boogie Basham,Carolina Panthers
4256224,Claudin Cherelus,Carolina Panthers
3044720,Joshua Dobbs,New England Patriots
4686772,Christian Gonzalez,New England Patriots
3122906,Darius Harris,New England Patriots
4373684,Scott Matlock,Los Angeles Chargers
4430968,Kimani Vidal,Los Angeles Chargers
4259566,Andrew Thomas,New York Giants
3931424,Demetrius Flannigan-Fowles,New York Giants
4037520,Tomon Fox,New York Giants
5092436,Jude McAtamney,New York Giants
4361178,Cam Jurgens,Philadelphia Eagles
3041098,Parry Nickerson,Philadelphia Eagles
4372026,Cameron Latu,Philadelphia Eagles
4689651,Mac McWilliams,Philadelphia Eagles
3116165,Chris Godwin Jr.,Tampa Bay Buccaneers
4430478,Elijah Simmons,Tampa Bay Buccaneers
4570469,Marcus Harris,Tennessee Titans
2969921,Mario Edwards Jr.,Houston Texans
4427479,Jamal Hill,Houston Texans
4362580,Bernhard Raimann,Indianapolis Colts
2980383,Mike Hilton,Indianapolis Colts
4566154,JT Tuimoloau,Indianapolis Colts
4695991,Johnathan Edwards,Indianapolis Colts
4243545,Alex Ward,Los Angeles Rams
4427716,Jack Kiser,Jacksonville Jaguars
3928931,Ross Matiscik,Jacksonville Jaguars
4242149,Montaric Brown,Jacksonville Jaguars
3043116,Demarcus Robinson,San Francisco 49ers
5144942,CJ Okoye,Baltimore Ravens
2979632,Josh Tupou,Baltimore Ravens
4426507,David Ojabo,Baltimore Ravens
4038524,Gardner Minshew II,Kansas City Chiefs
2975674,Robert Tonyan,Kansas City Chiefs
5082630,Jalen Royals,Kansas City Chiefs
4432804,Shemar Turner,Chicago Bears
4241007,D'Marco Jackson,Chicago Bears
5160110,Jahdae Walker,Chicago Bears
2576414,Raheem Mostert,Las Vegas Raiders
4875295,Jackson Powers-Johnson,Las Vegas Raiders
4045305,Ian Thomas,Las Vegas Raiders
4430896,JJ Pegues,Las Vegas Raiders
4259305,Bo Melton,Green Bay Packers
4685400,Shemar James,Dallas Cowboys
16734,Jadeveon Clowney,Dallas Cowboys
4241921,Markquese Bell,Dallas Cowboys
4426347,Mazi Smith,Dallas Cowboys
4789907,Armand Membou,New York Jets
4243009,Mykal Walker,New York Jets
2576925,Darren Waller,Miami Dolphins
4567493,Patrick Paul,Miami Dolphins
4383440,Nate Adkins,Denver Broncos
4875336,Karene Reid,Denver Broncos
3115928,Malik Turner,San Francisco 49ers
3917016,Trevis Gipson,San Francisco 49ers
4044448,Curtis Robinson,San Francisco 49ers
4570037,Terrance Ferguson,Los Angeles Rams
4572371,Josh Wallace,Los Angeles Rams
4012556,C.J. Ham,Minnesota Vikings
4613104,Malachi Corley,Cleveland Browns
4877203,Gage Larvadain,Cleveland Browns
4035115,Albert Okwuegbunam Jr.,Las Vegas Raiders
4034962,Stone Forsythe,Las Vegas Raiders
2576336,Ameer Abdullah,Indianapolis Colts
4599160,Trey Washington,Indianapolis Colts
4692590,Jalin Hyatt,New York Giants
4242899,D.J. Davidson,New York Giants
2468609,Taysom Hill,New Orleans Saints
4361272,Eku Leota,New Orleans Saints
4685279,Jaydon Blue,Dallas Cowboys
3052357,Trent Sieg,Dallas Cowboys
4595352,Alijah Clark,Dallas Cowboys
4692835,Jalen Brooks,Dallas Cowboys
4426990,Jalen Cropper,Dallas Cowboys
4048259,Avery Williams,New York Jets
4035886,Khalil Herbert,New York Jets
4379409,Azeez Ojulari,Philadelphia Eagles
4035299,Benito Jones,Miami Dolphins
4360488,JuJu Brents,Miami Dolphins
4708486,Jimmy Horn Jr.,Carolina Panthers
4240631,DeeJay Dallas,Carolina Panthers
4241473,LaBryan Ray,Carolina Panthers
4035817,Krys Barnes,Carolina Panthers
4570633,Trevian Thomas,Carolina Panthers
4242546,Davis Mills,Houston Texans
4373273,British Brooks,Houston Texans
4362603,Brenden Bates,Houston Texans
3915506,Damon Arnette,Houston Texans
2976540,Jalen Mills,Houston Texans
4596334,Keaton Mitchell,Baltimore Ravens
4361050,Isaiah Likely,Baltimore Ravens
4692970,Reuben Lowery III,Baltimore Ravens
4428557,Tyjae Spears,Tennessee Titans
4431613,James Williams Sr.,Tennessee Titans
4585317,Kendell Brooks,Tennessee Titans
4259324,Travis Vokolek,Arizona Cardinals
4240619,Zachary Carter,Arizona Cardinals
4040726,Jonah Williams,Arizona Cardinals
4261606,Darren Hall,Arizona Cardinals
4036651,Kindle Vildor,Tampa Bay Buccaneers
4568024,Josh Williams,Tampa Bay Buccaneers
4693346,Grey Zabel,Seattle Seahawks
3116370,Orlando Brown Jr.,Cincinnati Bengals
4692680,McKinnley Jackson,Cincinnati Bengals
4048228,John Bates,Washington Commanders
2577446,Preston Smith,Washington Commanders
4383351,Trey Lance,Los Angeles Chargers
3728258,Clelin Ferrell,Los Angeles Chargers
3124587,Jahlani Tavai,New England Patriots
4241468,Phidarian Mathis,Buffalo Bills
4035685,Mitch Wishnowsky,Buffalo Bills
4243916,Patrick Johnson,Philadelphia Eagles
4431573,Smael Mondon Jr.,Philadelphia Eagles
4569586,Ty Robinson,Philadelphia Eagles
4039057,Lil'Jordan Humphrey,New York Giants
4362234,Zaire Barnes,New York Giants
4722893,Jaleel McLaughlin,Denver Broncos
4039064,Malcolm Roach,Denver Broncos
4692048,Que Robinson,Denver Broncos
4242000,Josh Myers,New York Jets
4250764,Stone Smartt,New York Jets
16863,Pat O'Donnell,Arizona Cardinals
4240900,Buddy Johnson,Indianapolis Colts
3123052,Michael Badgley,Indianapolis Colts
4367210,Otito Ogbonnia,Los Angeles Chargers
3916430,Nyheim Hines,Los Angeles Chargers
4360746,Ethan Bonner,Miami Dolphins
2575907,Joe Cardona,Miami Dolphins
4695193,Efton Chism III,New England Patriots
3843945,Foster Moreau,New Orleans Saints
4241986,Chase Young,New Orleans Saints
4573697,Mason Tipton,New Orleans Saints
4570738,Ke'Shawn Williams,Pittsburgh Steelers
3121410,Parris Campbell,Dallas Cowboys
4427132,Ikem Ekwonu,Carolina Panthers
3054026,Shaquill Griffin,Seattle Seahawks
4875266,B.J. Green II,Jacksonville Jaguars
4573319,Danny Striggow,Jacksonville Jaguars
4710855,Konata Mumpfield,Los Angeles Rams
4362474,Steve Avila,Los Angeles Rams
4035671,Tyler Huntley,Baltimore Ravens
3040008,Joseph Noteboom,Baltimore Ravens
4878287,Keondre Jackson,Baltimore Ravens
3128444,Matthew Wright,Tennessee Titans
3059021,Alex Cappa,Las Vegas Raiders
3050481,Tanner Hudson,Cincinnati Bengals
4429010,Jalen Rivers,Cincinnati Bengals
4245661,Lucas Havrisik,Green Bay Packers
4696211,Malik Mustapha,San Francisco 49ers
5092959,Dominick Puni,San Francisco 49ers
4052017,C.J. Brewer,Tampa Bay Buccaneers
4426882,Sebastian Castro,Tampa Bay Buccaneers
3916144,Arthur Maulet,Detroit Lions
4569323,Thomas Harper,Detroit Lions
4596439,Dominic Lovett,Detroit Lions
15979,Jordan Poyer,Buffalo Bills
4077786,Sam Roberts,Atlanta Falcons
4374187,Deven Thompkins,Atlanta Falcons
4361093,Kyler Gordon,Chicago Bears
16760,Jimmy Garoppolo,Los Angeles Rams
2575788,Zach Wood,New Orleans Saints
4242553,Drew Dalman,Chicago Bears
4037457,Travis Homer,Chicago Bears
4889929,Quinn Ewers,Miami Dolphins
4241217,Larry Borom,Miami Dolphins
4572519,Dom Jones,Cleveland Browns
4427600,Terrell Jennings,New England Patriots
4685617,Kevin Winston Jr.,Tennessee Titans
4057082,Mason Kinsey,Tennessee Titans
4240703,Kenny Pickett,Las Vegas Raiders
5155825,Carter Runyon,Las Vegas Raiders
4258485,Jon Rhattigan,Las Vegas Raiders
4428331,Rashee Rice,Kansas City Chiefs
4426340,Nakobe Dean,Philadelphia Eagles
4608794,Tyler Batty,Minnesota Vikings
4695883,Jalen Coker,Carolina Panthers
4361101,Jackson Sirmon,New York Jets
4567416,Ja'Markis Weston,New York Jets
4240464,Victor Dimukeje,New York Giants
3115303,Jermaine Eluemunor,New York Giants
4590292,Thomas Fidone II,New York Giants
4035662,Garett Bolles,Denver Broncos
3916903,Dre Greenlaw,Denver Broncos
4430957,Tanor Bortolini,Indianapolis Colts
3051889,Laquon Treadwell,Indianapolis Colts
2579621,Denzel Perryman,Los Angeles Chargers
4242229,Austin Deculus,Los Angeles Chargers
2574808,Robbie Chosen,Washington Commanders
2976194,Sheldon Day,Washington Commanders
4240603,Malik Davis,Dallas Cowboys
4429136,Warren Brinson,Green Bay Packers
3139602,D'Ernest Johnson,Arizona Cardinals
3117922,Bilal Nichols,Arizona Cardinals
4262197,Ta'Quon Graham,Atlanta Falcons
4431523,Connor Colby,San Francisco 49ers
4573188,Nick Martin,San Francisco 49ers
16728,Teddy Bridgewater,Tampa Bay Buccaneers
4240589,Tristan Wirfs,Tampa Bay Buccaneers
4373320,Erick Hallett II,Detroit Lions
5143915,Nick Whiteside,Detroit Lions
4917439,Loren Strickland,Detroit Lions
4361662,Alim McNeill,Detroit Lions
4571755,Hogan Hatten,Detroit Lions
3123075,Braxton Berrios,Houston Texans
17447,Denico Autry,Houston Texans
4362452,Jaret Patterson,Los Angeles Chargers
4682745,Jaylen Wright,Miami Dolphins
4036335,Cedrick Wilson Jr.,Miami Dolphins
3925358,Kendall Sheffield,Miami Dolphins
4428396,Hayden Rucci,Miami Dolphins
3859006,Ronnie Harrison Jr.,Atlanta Falcons
4040613,Jordan Fuller,Atlanta Falcons
16713,Jake Matthews,Atlanta Falcons
3917797,Joe Giles-Harris,Cincinnati Bengals
4599198,Jared Wilson,New England Patriots
4042119,Richie Grant,New England Patriots
4258237,Raheem Layne,New York Giants
4429281,Korie Black,New York Giants
4685201,Tanner McKee,Philadelphia Eagles
4033234,Michael Hoecht,Buffalo Bills
3050122,Larry Ogunjobi,Buffalo Bills
4688931,Maxwell Hairston,Buffalo Bills
3056608,Austin Corbett,Carolina Panthers
4256062,Brady Christensen,Carolina Panthers
4259762,Jonathan Ford,Chicago Bears
4431466,Jordan Watkins,San Francisco 49ers
4259558,Robert Beal Jr.,San Francisco 49ers
4430681,Jared Wayne,Houston Texans
2512477,Laken Tomlinson,Houston Texans
4248047,John Ridgeway III,New Orleans Saints
4241087,Brock Hoffman,Dallas Cowboys
3892775,Jarrett Stidham,Denver Broncos
4693373,Jordan Turner,Denver Broncos
4243321,Ali Gaye,Tennessee Titans
4683423,Riley Leonard,Indianapolis Colts
4360638,Durell Nchami,Indianapolis Colts
4248528,Christian Watson,Green Bay Packers
4422336,Matt Orzech,Green Bay Packers
4242996,Arron Mosby,Green Bay Packers
4372056,Spencer Anderson,Pittsburgh Steelers
2978524,Christian Kuntz,Pittsburgh Steelers
4240759,Esezi Otomewo,Pittsburgh Steelers
4043039,Mike Caliendo,Kansas City Chiefs
4243218,Marlon Tuipulotu,Kansas City Chiefs
4367209,Greg Dulcich,Miami Dolphins
4567506,Tahj Washington,Miami Dolphins
4367699,Isaiah Johnson,Miami Dolphins
4036032,Brittain Brown,Chicago Bears
4683553,Austin Booker,Chicago Bears
4430065,Cedric Johnson,Cincinnati Bengals
2971586,Fabian Moreau,Minnesota Vikings
3116431,Ty Summers,Detroit Lions
4691043,Nikko Reed,Los Angeles Chargers
4431437,JC Latham,Tennessee Titans
4361100,Jack Westover,New England Patriots
4695254,Julian Ashby,New England Patriots
4361182,Adrian Martinez,San Francisco 49ers
3929641,Kevin Givens,San Francisco 49ers
4361834,Jarrick Bernard-Converse,New York Giants
4685145,Jaylon Jones,Indianapolis Colts
2566045,Luke Rhodes,Indianapolis Colts
4428119,Lew Nichols,Pittsburgh Steelers
4034704,Michael Bandy,Denver Broncos
4245131,Tim Jones,Jacksonville Jaguars
4244856,Austin Trammell,Jacksonville Jaguars
4572704,Branson Combs,Jacksonville Jaguars
4686337,Greedy Vance,Las Vegas Raiders
4242214,Clyde Edwards-Helaire,Kansas City Chiefs
3895791,Dane Jackson,Buffalo Bills
4605491,Connor O'Toole,Seattle Seahawks
4259606,Chris Stoll,Seattle Seahawks
4567156,Treylon Burks,Washington Commanders
4685503,Walter Nolen III,Arizona Cardinals
4242442,Princeton Fant,Dallas Cowboys
4431006,Caelen Carson,Dallas Cowboys
4240780,Lonnie Johnson Jr.,Las Vegas Raiders
4429109,Tonka Hemingway,Las Vegas Raiders
4243332,Keith Taylor,Atlanta Falcons
3059839,Elijah Wilkinson,Atlanta Falcons
3043234,Zane Gonzalez,Atlanta Falcons
4368350,Rico Payton,New York Giants
4239997,Baylon Spector,Buffalo Bills
4683276,Zeek Biggers,Miami Dolphins
3933407,Quinton Bell,Miami Dolphins
2975417,Patrick Ricard,Baltimore Ravens
3115249,Taven Bryan,Baltimore Ravens
4431553,Donovan Jackson,Minnesota Vikings
4572922,Christopher Edmonds,Cleveland Browns
2983155,Thomas Hennessy,New York Jets
3053795,Michael Davis,New Orleans Saints
3127306,Dante Pettis,New Orleans Saints
4362647,Damien Lewis,Carolina Panthers
4692525,Anton Harrison,Jacksonville Jaguars
4039010,Myles Bryant,Houston Texans
4428512,Kedon Slovis,Arizona Cardinals
4569547,Nick Kallerup,Seattle Seahawks
4364623,Patrick O'Connell,Seattle Seahawks
4245171,Abraham Lucas,Seattle Seahawks
4574716,Harrison Mevis,Los Angeles Rams
4362999,Spencer Burford,San Francisco 49ers
3120303,Ross Dwelley,Detroit Lions
4361090,Ale Kaho,Washington Commanders
4035222,Trayveon Williams,Los Angeles Chargers
15797,Lane Johnson,Philadelphia Eagles
4036153,Kristian Welch,Green Bay Packers
4567171,Eric Gregory,New England Patriots
5083297,Jacoby Jones,Washington Commanders
4427984,Kain Medrano,Washington Commanders
3119195,Chase Edmonds,Washington Commanders
4036444,Ryan Neuzil,Atlanta Falcons
3116726,Kentavius Street,Atlanta Falcons
4039029,Khalid Kareem,Atlanta Falcons
4429324,Cobee Bryant,Atlanta Falcons
4568492,Nick Jackson,Tampa Bay Buccaneers
4249616,Owen Wright,Tampa Bay Buccaneers
4243537,Gabe Davis,Buffalo Bills
4688552,Keleki Latu,Buffalo Bills
4035004,Mecole Hardman Jr.,Buffalo Bills
4280416,Samuel Womack III,Tennessee Titans
4695280,Micah Robinson,Tennessee Titans
4367828,Truman Jones,Tennessee Titans
3052897,Durham Smythe,Chicago Bears
4038432,Amen Ogbongbemiga,Chicago Bears
4242512,Malik Willis,Green Bay Packers
4360086,Josh Whyle,Green Bay Packers
2969939,Jameis Winston,New York Giants
4242540,Isaiah Hodgins,New York Giants
4570296,Dalen Cambre,New York Giants
4429392,Elijah Chatman,New York Giants
4429012,Kendall Milton,Cincinnati Bengals
4362082,D'Shawn Jamison,Pittsburgh Steelers
4878878,Amar Johnson,Los Angeles Chargers
4257580,Christian Braswell,Jacksonville Jaguars
13729,Jon Weeks,San Francisco 49ers
3886809,Andre Baccellia,Arizona Cardinals
5084939,Isaiah Adams,Arizona Cardinals
4695086,Chandler Martin,Baltimore Ravens
4432762,Shedeur Sanders,Cleveland Browns
3045474,Wyatt Teller,Cleveland Browns
4600415,Mike Hall Jr.,Cleveland Browns
4241555,Elijah Mitchell,Kansas City Chiefs
2576245,Graham Glasgow,Detroit Lions
4240719,Cal Adomitis,Philadelphia Eagles
4362088,DeMarvion Overshown,Dallas Cowboys
5095865,Shavon Revel Jr.,Dallas Cowboys
4240778,Jamin Davis,Las Vegas Raiders
4432758,Jaylen Reed,Houston Texans
4916349,Nikola Kalinic,Chicago Bears
4431424,Bradyn Swinson,New England Patriots
5081728,Jeremiah Pharms Jr.,New England Patriots
3125356,Jalen Davis,Cincinnati Bengals
4245645,Gary Brightwell,Cincinnati Bengals
4570561,Eric Gray,New York Giants
4241411,Malcolm Rodriguez,Detroit Lions
4427356,Kamal Hadden,Green Bay Packers
4259978,Quinton Bohanna,Seattle Seahawks
4685984,Jamie Sheriff,Seattle Seahawks
3916204,James Proche II,Tennessee Titans
4431353,Xavier Restrepo,Tennessee Titans
3116175,Amani Oruwariye,Baltimore Ravens
3139389,D'Angelo Ross,Cleveland Browns
2979534,Jack Conklin,Cleveland Browns
3134316,Matt Dickerson,Jacksonville Jaguars
4429111,BJ Ojulari,Arizona Cardinals
2971281,Pharaoh Brown,Arizona Cardinals
3043237,Matt Haack,Arizona Cardinals
4715355,Darius Cooper,Philadelphia Eagles
4363551,Dylan Drummond,Atlanta Falcons
4361429,Rasheed Walker,Green Bay Packers
3126997,Tom Kennedy,Detroit Lions
3049698,Anthony Firkser,Detroit Lions
4430723,Jared Wiley,Kansas City Chiefs
3155647,Mike Edwards,Kansas City Chiefs
4426457,Isaiah Foskey,Cincinnati Bengals
4685736,Emery Jones Jr.,Baltimore Ravens
3051911,Carl Lawson,Baltimore Ravens
3926231,Britain Covey,Philadelphia Eagles
13239,Brandon Graham,Philadelphia Eagles
4570410,Jalen Graham,San Francisco 49ers
4033855,Sam Kamara,Cleveland Browns
3059989,Nick Mullens,Jacksonville Jaguars
4429100,Peter Skoronski,Tennessee Titans
4259546,Ameer Speed,Houston Texans
2977615,Chris Wormley,Indianapolis Colts
3050199,George Odum,Indianapolis Colts
4569609,Evan Hull,New Orleans Saints
4040945,Dillon Radunz,New Orleans Saints
5208518,Charlie Smyth,New Orleans Saints
4051069,Caleb Johnson,Miami Dolphins
3915528,Liam McCullough,Atlanta Falcons
4569016,Eric Watts,New York Jets
4379414,Channing Tindall,Arizona Cardinals
4361112,Devin Culp,Tampa Bay Buccaneers
4243003,Ronnie Rivers,Los Angeles Rams
4035462,Isaiah Simmons,Carolina Panthers
4045176,Will Fries,Minnesota Vikings
3886818,Myles Gaskin,Seattle Seahawks
4363034,Asante Samuel Jr.,Pittsburgh Steelers
4690171,Deane Leonard,Los Angeles Chargers
4371946,Reese Taylor,Denver Broncos
4262199,Sam Cosmi,Washington Commanders
5278092,T.J. Maguranyanga,Washington Commanders
4426485,Jonathan Mingo,Dallas Cowboys
4568652,Tyler Smith,Dallas Cowboys
4240069,Malik Cunningham,Detroit Lions
3672833,Chris Lindstrom,Atlanta Falcons
3125082,Dalton Risner,Cincinnati Bengals
4874448,Daijahn Anthony,Cincinnati Bengals
4240920,Dan Moore Jr.,Tennessee Titans
4700660,Sam Webb,Cleveland Browns
3045377,DeMarcus Walker,Washington Commanders
4373030,Ben Sims,Minnesota Vikings
4429435,Brady Cook,New York Jets
4569682,Audric Estime,New Orleans Saints
4877475,Cam'Ron Silmon-Craig,Jacksonville Jaguars
4048231,Ezra Cleveland,Jacksonville Jaguars
4569474,Logan Lee,Pittsburgh Steelers
4360499,Tyler Linderbaum,Baltimore Ravens
4361332,Shedrick Jackson,Las Vegas Raiders
4240435,Zach Tom,Green Bay Packers
4362294,Desjuan Johnson,Los Angeles Rams
15241,Aaron Brewer,Arizona Cardinals
5033343,Haggai Ndubuisi,Houston Texans
4250510,Andre' Sam,Philadelphia Eagles
4430834,Jalen McMillan,Tampa Bay Buccaneers
3115481,J.T. Gray,Tampa Bay Buccaneers
3045220,Maurice Hurst II,Cleveland Browns
3044729,Jalen Reeves-Maybin,Chicago Bears
4362492,Ar'Darius Washington,Baltimore Ravens
4646773,Dylan Fairchild,Cincinnati Bengals
4248627,Trevor Penning,Los Angeles Chargers
3122882,Marcus Williams,Los Angeles Chargers
15151,Josh Harris,Los Angeles Chargers
4685326,Josh Conerly Jr.,Washington Commanders
3929936,Jon Runyan,New York Giants
4360475,Chigozie Anusiem,Las Vegas Raiders
4429411,Jordan Clark,New York Jets
3863820,Patrick Mekari,Jacksonville Jaguars
4431431,Corey Kiner,Arizona Cardinals
4429939,Jawhar Jordan,Houston Texans
4429121,Kalel Mullings,Tennessee Titans
5529,Philip Rivers,Indianapolis Colts
4578436,Coleman Owen,Indianapolis Colts
4429211,Anthony Bradford,Seattle Seahawks
4430838,Rylie Mills,Seattle Seahawks
4594338,Brandon Johnson,Philadelphia Eagles
11394,Josh Johnson,Washington Commanders
4569511,Drake Jackson,Washington Commanders
4361776,Brenton Cox Jr.,Green Bay Packers
4240677,Jordon Riley,Green Bay Packers
4249214,Andre Jones Jr.,Buffalo Bills
4686470,Perrion Winfrey,Dallas Cowboys
4044111,Chris Oladokun,Kansas City Chiefs
4242459,Trey Smith,Kansas City Chiefs
4426332,Zacch Pickens,Kansas City Chiefs
4243831,Kemon Hall,Tennessee Titans
4426535,Theo Wease Jr.,Miami Dolphins
4038437,A.J. Green III,Miami Dolphins
4051001,Cole Strange,Miami Dolphins
4241410,Jelani Woods,New York Jets
4430182,Jarius Monroe,New York Jets
3138834,Sione Takitaki,Minnesota Vikings
3049339,Aaron Stinnie,New York Giants
4566158,Ben Sauls,New York Giants
4361727,Evan Deckers,Tampa Bay Buccaneers
2971498,Adam Gotsis,Tampa Bay Buccaneers
4360287,Delarrin Turner-Yell,Denver Broncos
4240596,C.J. Henderson,Atlanta Falcons
3917960,Steven Sims,Arizona Cardinals
4426435,Jaden Davis,Arizona Cardinals
4034959,Jeremiah Moon,Pittsburgh Steelers
4608362,Shane Zylstra,Detroit Lions
4035494,Marlon Davidson,Houston Texans
4690999,Austin Brinkman,Houston Texans
2510863,Eric Kendricks,San Francisco 49ers
3040506,Eli Apple,San Francisco 49ers
3915470,Danny Pinter,Indianapolis Colts
4428343,Ricky Barber,Washington Commanders
3052056,River Cracraft,Washington Commanders
3916749,Giovanni Ricci,Detroit Lions
4036959,Cole Christiansen,Kansas City Chiefs
4035463,K'Von Wallace,Houston Texans
4362732,Jake Andrews,Houston Texans
4360175,Clayton Tune,Green Bay Packers
3707061,Cody Ford,Cincinnati Bengals
4575559,Bralyn Lux,Cincinnati Bengals
4570898,Dylan Cook,Pittsburgh Steelers
4242536,Sal Cannella,Cleveland Browns
4038457,Teven Jenkins,Cleveland Browns
4432731,Moliki Matavao,New Orleans Saints
4035048,Luke Fortner,New Orleans Saints
4372063,Ronnie Bell,New Orleans Saints
4362523,Will Mallory,Indianapolis Colts
4601021,Jaylon Carlies,Indianapolis Colts
13256,Jason Pierre-Paul,Tampa Bay Buccaneers
4372413,Miles Battle,New England Patriots
4566100,Kobee Minor,New England Patriots
4431582,Payton Page,New York Jets
2973051,Taylor Moton,Carolina Panthers
15379,Charley Hughlett,Philadelphia Eagles
4361651,Tanner Ingle,Los Angeles Rams
4369886,Chris Blair,Atlanta Falcons
4374045,Teagan Quitoriano,Atlanta Falcons
4027873,Samori Toure,New Orleans Saints
4430411,Jammie Robinson,Atlanta Falcons
5178972,Jakobie Keeney-James,Green Bay Packers
4429466,Drake Dabney,Green Bay Packers
4569680,Jamon Johnson,Green Bay Packers
4567225,Jaylin Simpson,Green Bay Packers
4709980,Johnathan Baldwin,Green Bay Packers
4371336,Shemar Bartholomew,Green Bay Packers
4683059,Collin Oliver,Green Bay Packers
4361114,Taki Taimani,Minnesota Vikings
4360637,Jeshaun Jones,Minnesota Vikings
4431562,Phil Mafah,Dallas Cowboys
3929814,Josh Butler,Dallas Cowboys
2574511,Brandon Allen,Tennessee Titans
4577494,Alijah Huzzie,Houston Texans
4613050,Quentin Skinner,New York Jets
4372418,Keidron Smith,New York Jets
4241373,Tre Brown,New York Jets
4240405,Kingsley Jonathan,New York Jets
16076,Chris Hubbard,Detroit Lions
2980110,Marcus Maye,Los Angeles Chargers
4603189,Sai'vion Jones,Denver Broncos
4039034,Shane Buechele,Kansas City Chiefs
4431534,Ethan Downs,Kansas City Chiefs
4043625,Nazeeh Johnson,Kansas City Chiefs
4260394,Aidan O'Connell,Las Vegas Raiders
4427408,Jahfari Harvey,Las Vegas Raiders
4360203,Elijah Jones,Arizona Cardinals
4367199,Jon Gaines II,Arizona Cardinals
4039485,Jack Heflin,Los Angeles Rams
4685637,Jackson Woodard,Miami Dolphins
2980153,Ronnie Stanley,Baltimore Ravens
